{
    "VAR_2T_fine": {
        "vmin": 229.04872131347656,
        "vmax": 321.4019470214844,
        "vmean": 286.3158874511719,
        "vstd": 12.632543563842773,
        "q1": 278.6593017578125,
        "q3": 295.98883056640625,
        "iqr": 17.32952880859375,
        "median": 289.16717529296875
    },
    "VAR_10U_fine": {
        "vmin": -31.68634033203125,
        "vmax": 27.692642211914062,
        "vmean": 0.36626559495925903,
        "vstd": 3.4527664184570312,
        "q1": -1.5895233154296875,
        "q3": 2.3701629638671875,
        "iqr": 3.959686279296875,
        "median": 0.406768798828125
    },
    "VAR_10V_fine": {
        "vmin": -25.834945678710938,
        "vmax": 31.813018798828125,
        "vmean": -0.05726669356226921,
        "vstd": 3.699695110321045,
        "q1": -2.101776123046875,
        "q3": 2.1956329345703125,
        "iqr": 4.2974090576171875,
        "median": 0.1490478515625
    },
    "VAR_TP_fine": {
        "vmin": 0.0,
        "vmax": 0.03237342834472656,
        "vmean": 9.736002539284527e-05,
        "vstd": 0.0004453345318324864,
        "q1": 0.0,
        "q3": 0.0,
        "iqr": 1.0,
        "median": 0.0
    },
    "VAR_D2M_fine": {
        "vmin": 225.20355224609375,
        "vmax": 303.56671142578125,
        "vmean": 280.1187744140625,
        "vstd": 12.384744644165039,
        "q1": 271.99053955078125,
        "q3": 289.8833312988281,
        "iqr": 17.892791748046875,
        "median": 282.1183776855469
    },
    "VAR_SSTK_fine": {
        "vmin": 269.893798828125,
        "vmax": 310.327392578125,
        "vmean": 294.448974609375,
        "vstd": 7.419081211090088,
        "q1": 291.531005859375,
        "q3": 299.887451171875,
        "iqr": 8.3564453125,
        "median": 296.134521484375
    },
    "VAR_SKT_fine": {
        "vmin": 228.62649536132812,
        "vmax": 340.2298583984375,
        "vmean": 286.8110656738281,
        "vstd": 13.723491668701172,
        "q1": 278.0294189453125,
        "q3": 296.99072265625,
        "iqr": 18.9613037109375,
        "median": 289.64111328125
    },
    "VAR_ST_fine": {
        "vmin": 228.62649536132812,
        "vmax": 340.2298583984375,
        "vmean": 286.93658447265625,
        "vstd": 13.66016674041748,
        "q1": 278.03558349609375,
        "q3": 297.1279296875,
        "iqr": 19.09234619140625,
        "median": 289.69012451171875
    },
    "VAR_TCWV_fine": {
        "vmin": 0.22132164239883423,
        "vmax": 85.15592193603516,
        "vmean": 19.793996810913086,
        "vstd": 13.685070037841797,
        "q1": 8.689061164855957,
        "q3": 28.881555557250977,
        "iqr": 20.19249439239502,
        "median": 16.279447555541992
    },
    "VAR_2T_fine_log": {
        "vmin": 5.438291072845459,
        "vmax": 5.77579927444458,
        "vmean": 5.659588813781738,
        "vstd": 0.0450122207403183,
        "q1": 5.633572101593018,
        "q3": 5.693694591522217,
        "iqr": 0.06012248992919922,
        "median": 5.670457363128662
    },
    "VAR_10U_fine_log": {
        "vmin": 0.0,
        "vmax": 3.3566408157348633,
        "vmean": 0.630792498588562,
        "vstd": 0.7104994654655457,
        "q1": 0.0,
        "q3": 1.214961051940918,
        "iqr": 1.214961051940918,
        "median": 0.341295450925827
    },
    "VAR_10V_fine_log": {
        "vmin": 0.0,
        "vmax": 3.4908254146575928,
        "vmean": 0.5861193537712097,
        "vstd": 0.6988515257835388,
        "q1": 0.0,
        "q3": 1.1617851257324219,
        "iqr": 1.1617851257324219,
        "median": 0.13893364369869232
    },
    "VAR_TP_fine_log": {
        "vmin": 0.0,
        "vmax": 0.03186045214533806,
        "vmean": 9.725653217174113e-05,
        "vstd": 0.0004441823693923652,
        "q1": 0.0,
        "q3": 0.0,
        "iqr": 1.0,
        "median": 0.0
    },
    "VAR_D2M_fine_log": {
        "vmin": 5.421435356140137,
        "vmax": 5.718890190124512,
        "vmean": 5.637784481048584,
        "vstd": 0.04488770291209221,
        "q1": 5.609436988830566,
        "q3": 5.672922134399414,
        "iqr": 0.06348514556884766,
        "median": 5.645864963531494
    },
    "VAR_SSTK_fine_log": {
        "vmin": 5.60172700881958,
        "vmax": 5.740845203399658,
        "vmean": 5.688181400299072,
        "vstd": 0.025550369173288345,
        "q1": 5.678570747375488,
        "q3": 5.706736087799072,
        "iqr": 0.028165340423583984,
        "median": 5.69418478012085
    },
    "VAR_SKT_fine_log": {
        "vmin": 5.436453819274902,
        "vmax": 5.832556247711182,
        "vmean": 5.661135196685791,
        "vstd": 0.04862700030207634,
        "q1": 5.631317138671875,
        "q3": 5.6970624923706055,
        "iqr": 0.06574535369873047,
        "median": 5.672089099884033
    },
    "VAR_ST_fine_log": {
        "vmin": 5.436453819274902,
        "vmax": 5.832556247711182,
        "vmean": 5.661587715148926,
        "vstd": 0.048360396176576614,
        "q1": 5.6313395500183105,
        "q3": 5.6975226402282715,
        "iqr": 0.06618309020996094,
        "median": 5.672257900238037
    },
    "VAR_TCWV_fine_log": {
        "vmin": 0.19993358850479126,
        "vmax": 4.456158638000488,
        "vmean": 2.7831106185913086,
        "vstd": 0.7609286904335022,
        "q1": 2.2709975242614746,
        "q3": 3.3972413539886475,
        "iqr": 1.1262438297271729,
        "median": 2.849517822265625
    },
    "VAR_2T_coarse": {
        "vmin": 231.1106414794922,
        "vmax": 317.4587097167969,
        "vmean": 286.2744445800781,
        "vstd": 12.475735664367676,
        "q1": 278.7331237792969,
        "q3": 295.8478088378906,
        "iqr": 17.11468505859375,
        "median": 289.1328125
    },
    "VAR_10U_coarse": {
        "vmin": -21.51896095275879,
        "vmax": 21.438461303710938,
        "vmean": 0.3791687488555908,
        "vstd": 3.261948585510254,
        "q1": -1.411860466003418,
        "q3": 2.266291618347168,
        "iqr": 3.678152084350586,
        "median": 0.4203634262084961
    },
    "VAR_10V_coarse": {
        "vmin": -22.52874183654785,
        "vmax": 22.988109588623047,
        "vmean": -0.05645933374762535,
        "vstd": 3.4837522506713867,
        "q1": -1.9780120849609375,
        "q3": 2.058664321899414,
        "iqr": 4.036676406860352,
        "median": 0.14693546295166016
    },
    "VAR_TP_coarse": {
        "vmin": 0.0,
        "vmax": 0.023218277841806412,
        "vmean": 9.832954674493521e-05,
        "vstd": 0.0003440176951698959,
        "q1": 0.0,
        "q3": 3.2697804272174835e-05,
        "iqr": 3.2697804272174835e-05,
        "median": 0.0
    },
    "VAR_D2M_coarse": {
        "vmin": 227.51480102539062,
        "vmax": 301.0519714355469,
        "vmean": 280.09478759765625,
        "vstd": 12.215740203857422,
        "q1": 272.05743408203125,
        "q3": 289.7189025878906,
        "iqr": 17.661468505859375,
        "median": 281.9904479980469
    },
    "VAR_SSTK_coarse": {
        "vmin": 270.34332275390625,
        "vmax": 305.5076599121094,
        "vmean": 292.5169982910156,
        "vstd": 8.795150756835938,
        "q1": 288.31317138671875,
        "q3": 299.2469787597656,
        "iqr": 10.933807373046875,
        "median": 294.7130126953125
    },
    "VAR_SKT_coarse": {
        "vmin": 231.03900146484375,
        "vmax": 334.51080322265625,
        "vmean": 286.7804260253906,
        "vstd": 13.49194049835205,
        "q1": 278.14044189453125,
        "q3": 296.9148864746094,
        "iqr": 18.774444580078125,
        "median": 289.6012878417969
    },
    "VAR_ST_coarse": {
        "vmin": 231.0741424560547,
        "vmax": 334.51080322265625,
        "vmean": 286.9049377441406,
        "vstd": 13.402721405029297,
        "q1": 278.1444396972656,
        "q3": 297.0485534667969,
        "iqr": 18.90411376953125,
        "median": 289.6504211425781
    },
    "VAR_TCWV_coarse": {
        "vmin": 0.4617171883583069,
        "vmax": 75.78866577148438,